{"cameraMode":{"drawMode":0,"name":"Shaded","section":"Shading Mode"},"sceneLighting":true,"audioPlay":false,"sceneViewState":{"m_AlwaysRefresh":true,"showFog":true,"showSkybox":true,"showFlares":true,"showImageEffects":true,"showParticleSystems":true,"showVisualEffectGraphs":true,"m_FxEnabled":true},"in2DMode":false,"pivot":{"x":0.07841745018959046,"y":1.1681993007659913,"z":0.7007471919059753},"rotation":{"x":-0.007973221130669117,"y":0.9857499599456787,"z":-0.15842397511005402,"w":-0.054586734622716907},"size":0.5230903625488281,"orthographic":false}