{"cameraMode":{"drawMode":0,"name":"Shaded","section":"Shading Mode"},"sceneLighting":false,"audioPlay":false,"sceneViewState":{"m_AlwaysRefresh":true,"showFog":true,"showSkybox":false,"showFlares":true,"showImageEffects":true,"showParticleSystems":true,"showVisualEffectGraphs":true,"m_FxEnabled":true},"in2DMode":false,"pivot":{"x":-2.980232238769531e-7,"y":0.7959256172180176,"z":-0.10873058438301087},"rotation":{"x":-0.0072700087912380699,"y":0.9848095774650574,"z":0.16673535108566285,"w":0.046222228556871417},"size":1.0754672288894654,"orthographic":false}